command,x,y,heading,speed
NONE,16.98,19.19,13.6,0
MOVE_WITH_HEADING,17.96,19.43,13.6,50
MOVE_WITH_HEADING,18.95,19.67,13.6,50
MOVE_WITH_HEADING,19.93,19.91,13.6,50
MOVE_WITH_HEADING,20.92,20.15,13.6,50
MOVE_WITH_HEADING,21.9,20.38,13.6,50
MOVE_WITH_HEADING,22.88,20.62,13.6,50
MOVE_WITH_HEADING,23.87,20.86,13.6,50
MOVE_WITH_HEADING,24.85,21.1,13.6,50
MOVE_WITH_HEADING,25.84,21.34,13.6,50
MOVE_WITH_HEADING,26.82,21.57,13.6,50
MOVE_WITH_HEADING,27.81,21.81,13.6,50
MOVE_WITH_HEADING,28.79,22.05,13.6,50
MOVE_WITH_HEADING,29.77,22.29,13.6,50
MOVE_WITH_HEADING,30.76,22.53,13.6,50
MOVE_WITH_HEADING,31.74,22.76,13.6,50
MOVE_WITH_HEADING,32.73,23.0,13.6,50
MOVE_WITH_HEADING,33.71,23.24,13.6,50
MOVE_WITH_HEADING,34.69,23.48,13.6,50
MOVE_WITH_HEADING,35.68,23.72,13.6,50
MOVE_WITH_HEADING,36.66,23.96,13.6,50
MOVE_WITH_HEADING,37.65,24.19,13.6,50
MOVE_WITH_HEADING,38.63,24.43,13.6,50
MOVE_WITH_HEADING,39.62,24.67,13.6,50
MOVE_WITH_HEADING,40.6,24.91,13.6,50
MOVE_WITH_HEADING,41.58,25.15,13.6,50
MOVE_WITH_HEADING,42.57,25.38,13.6,50
MOVE_WITH_HEADING,43.55,25.62,13.6,50
MOVE_WITH_HEADING,44.54,25.86,13.6,50
MOVE_WITH_HEADING,45.52,26.1,13.6,50
MOVE_WITH_HEADING,46.51,26.34,13.6,50
MOVE_WITH_HEADING,47.49,26.57,13.6,50
MOVE_WITH_HEADING,48.47,26.81,13.6,50
MOVE_WITH_HEADING,49.46,27.05,13.6,50
MOVE_WITH_HEADING,50.44,27.29,13.6,50
MOVE_WITH_HEADING,51.43,27.53,13.6,50
MOVE_WITH_HEADING,52.41,27.77,13.6,50
MOVE_WITH_HEADING,53.4,28.0,13.6,50
MOVE_WITH_HEADING,54.38,28.24,13.6,50
MOVE_WITH_HEADING,55.36,28.48,13.6,50
MOVE_WITH_HEADING,56.35,28.72,13.6,50
MOVE_WITH_HEADING,57.33,28.96,13.6,50
MOVE_WITH_HEADING,58.32,29.19,13.6,50
MOVE_WITH_HEADING,59.3,29.43,13.6,50
MOVE_WITH_HEADING,60.29,29.67,13.6,50
MOVE_WITH_HEADING,61.27,29.91,13.6,50
MOVE_WITH_HEADING,62.25,30.15,13.6,50
MOVE_WITH_HEADING,63.24,30.38,13.6,50
MOVE_WITH_HEADING,64.22,30.62,13.6,50
MOVE_WITH_HEADING,65.21,30.86,13.6,50
MOVE_WITH_HEADING,66.19,31.1,13.6,50
MOVE_WITH_HEADING,67.18,31.34,13.6,50
MOVE_WITH_HEADING,68.16,31.58,13.6,50
MOVE_WITH_HEADING,69.14,31.81,13.6,50
MOVE_WITH_HEADING,70.13,32.05,13.6,50
MOVE_WITH_HEADING,71.11,32.29,13.6,50
MOVE_WITH_HEADING,72.1,32.53,13.6,50
MOVE_WITH_HEADING,73.08,32.77,13.6,50
MOVE_WITH_HEADING,74.06,33.0,13.6,50
MOVE_WITH_HEADING,75.05,33.24,13.6,50
MOVE_WITH_HEADING,76.03,33.48,13.6,50
MOVE_WITH_HEADING,77.02,33.72,13.6,50
MOVE_WITH_HEADING,78.0,33.96,13.6,50
NONE,78.0,33.96,47.68,0
MOVE_WITH_HEADING,78.68,34.71,47.68,50
MOVE_WITH_HEADING,79.37,35.46,47.68,50
MOVE_WITH_HEADING,80.05,36.2,47.68,50
MOVE_WITH_HEADING,80.73,36.95,47.68,50
MOVE_WITH_HEADING,81.41,37.7,47.68,50
MOVE_WITH_HEADING,82.1,38.45,47.68,50
MOVE_WITH_HEADING,82.78,39.2,47.68,50
MOVE_WITH_HEADING,83.46,39.95,47.68,50
MOVE_WITH_HEADING,84.14,40.7,47.68,50
MOVE_WITH_HEADING,84.82,41.45,47.68,50
MOVE_WITH_HEADING,85.51,42.2,47.68,50
MOVE_WITH_HEADING,86.19,42.95,47.68,50
MOVE_WITH_HEADING,86.87,43.7,47.68,50
MOVE_WITH_HEADING,87.55,44.45,47.68,50
MOVE_WITH_HEADING,88.24,45.2,47.68,50
MOVE_WITH_HEADING,88.92,45.95,47.68,50
MOVE_WITH_HEADING,89.6,46.7,47.68,50
MOVE_WITH_HEADING,90.28,47.45,47.68,50
MOVE_WITH_HEADING,90.96,48.19,47.68,50
MOVE_WITH_HEADING,91.65,48.94,47.68,50
MOVE_WITH_HEADING,92.33,49.69,47.68,50
MOVE_WITH_HEADING,93.01,50.44,47.68,50
MOVE_WITH_HEADING,93.69,51.19,47.68,50
MOVE_WITH_HEADING,94.38,51.94,47.68,50
MOVE_WITH_HEADING,95.06,52.69,47.68,50
MOVE_WITH_HEADING,95.74,53.44,47.68,50
MOVE_WITH_HEADING,96.42,54.19,47.68,50
MOVE_WITH_HEADING,97.11,54.94,47.68,50
MOVE_WITH_HEADING,97.79,55.69,47.68,50
MOVE_WITH_HEADING,98.47,56.44,47.68,50
MOVE_WITH_HEADING,99.15,57.19,47.68,50
MOVE_WITH_HEADING,99.83,57.94,47.68,50
MOVE_WITH_HEADING,100.52,58.69,47.68,50
MOVE_WITH_HEADING,101.2,59.44,47.68,50
MOVE_WITH_HEADING,101.88,60.18,47.68,50
MOVE_WITH_HEADING,102.56,60.93,47.68,50
MOVE_WITH_HEADING,103.25,61.68,47.68,50
MOVE_WITH_HEADING,103.93,62.43,47.68,50
MOVE_WITH_HEADING,104.61,63.18,47.68,50
MOVE_WITH_HEADING,105.29,63.93,47.68,50
MOVE_WITH_HEADING,105.97,64.68,47.68,50
MOVE_WITH_HEADING,106.66,65.43,47.68,50
MOVE_WITH_HEADING,107.34,66.18,47.68,50
MOVE_WITH_HEADING,108.02,66.93,47.68,50
NONE,108.02,66.93,130.27,0
MOVE_WITH_HEADING,107.37,67.7,130.27,50
MOVE_WITH_HEADING,106.71,68.48,130.27,50
MOVE_WITH_HEADING,106.05,69.25,130.27,50
MOVE_WITH_HEADING,105.4,70.03,130.27,50
MOVE_WITH_HEADING,104.74,70.8,130.27,50
MOVE_WITH_HEADING,104.08,71.58,130.27,50
MOVE_WITH_HEADING,103.43,72.35,130.27,50
MOVE_WITH_HEADING,102.77,73.13,130.27,50
MOVE_WITH_HEADING,102.12,73.9,130.27,50
MOVE_WITH_HEADING,101.46,74.68,130.27,50
MOVE_WITH_HEADING,100.8,75.45,130.27,50
MOVE_WITH_HEADING,100.15,76.22,130.27,50
MOVE_WITH_HEADING,99.49,77.0,130.27,50
MOVE_WITH_HEADING,98.84,77.77,130.27,50
MOVE_WITH_HEADING,98.18,78.55,130.27,50
MOVE_WITH_HEADING,97.52,79.32,130.27,50
MOVE_WITH_HEADING,96.87,80.1,130.27,50
MOVE_WITH_HEADING,96.21,80.87,130.27,50
MOVE_WITH_HEADING,95.55,81.65,130.27,50
MOVE_WITH_HEADING,94.9,82.42,130.27,50
MOVE_WITH_HEADING,94.24,83.2,130.27,50
MOVE_WITH_HEADING,93.59,83.97,130.27,50
MOVE_WITH_HEADING,92.93,84.75,130.27,50
MOVE_WITH_HEADING,92.27,85.52,130.27,50
MOVE_WITH_HEADING,91.62,86.3,130.27,50
MOVE_WITH_HEADING,90.96,87.07,130.27,50
MOVE_WITH_HEADING,90.3,87.84,130.27,50
MOVE_WITH_HEADING,89.65,88.62,130.27,50
MOVE_WITH_HEADING,88.99,89.39,130.27,50
MOVE_WITH_HEADING,88.34,90.17,130.27,50
MOVE_WITH_HEADING,87.68,90.94,130.27,50
MOVE_WITH_HEADING,87.02,91.72,130.27,50
MOVE_WITH_HEADING,86.37,92.49,130.27,50
MOVE_WITH_HEADING,85.71,93.27,130.27,50
MOVE_WITH_HEADING,85.06,94.04,130.27,50
MOVE_WITH_HEADING,84.4,94.82,130.27,50
MOVE_WITH_HEADING,83.74,95.59,130.27,50
MOVE_WITH_HEADING,83.09,96.37,130.27,50
MOVE_WITH_HEADING,82.43,97.14,130.27,50
MOVE_WITH_HEADING,81.77,97.91,130.27,50
MOVE_WITH_HEADING,81.12,98.69,130.27,50
MOVE_WITH_HEADING,80.46,99.46,130.27,50
MOVE_WITH_HEADING,79.81,100.24,130.27,50
MOVE_WITH_HEADING,79.15,101.01,130.27,50
MOVE_WITH_HEADING,78.49,101.79,130.27,50
MOVE_WITH_HEADING,77.84,102.56,130.27,50
MOVE_WITH_HEADING,77.18,103.34,130.27,50
MOVE_WITH_HEADING,76.53,104.11,130.27,50
MOVE_WITH_HEADING,75.87,104.89,130.27,50
MOVE_WITH_HEADING,75.21,105.66,130.27,50
MOVE_WITH_HEADING,74.56,106.44,130.27,50
MOVE_WITH_HEADING,73.9,107.21,130.27,50
MOVE_WITH_HEADING,73.24,107.98,130.27,50
MOVE_WITH_HEADING,72.59,108.76,130.27,50
NONE,72.59,108.76,-177.03,0
MOVE_WITH_HEADING,71.56,108.71,-177.03,50
MOVE_WITH_HEADING,70.54,108.65,-177.03,50
MOVE_WITH_HEADING,69.52,108.6,-177.03,50
MOVE_WITH_HEADING,68.49,108.55,-177.03,50
MOVE_WITH_HEADING,67.47,108.49,-177.03,50
MOVE_WITH_HEADING,66.44,108.44,-177.03,50
MOVE_WITH_HEADING,65.42,108.39,-177.03,50
MOVE_WITH_HEADING,64.4,108.33,-177.03,50
MOVE_WITH_HEADING,63.37,108.28,-177.03,50
MOVE_WITH_HEADING,62.35,108.23,-177.03,50
MOVE_WITH_HEADING,61.32,108.17,-177.03,50
MOVE_WITH_HEADING,60.3,108.12,-177.03,50
MOVE_WITH_HEADING,59.27,108.07,-177.03,50
MOVE_WITH_HEADING,58.25,108.01,-177.03,50
MOVE_WITH_HEADING,57.23,107.96,-177.03,50
MOVE_WITH_HEADING,56.2,107.91,-177.03,50
MOVE_WITH_HEADING,55.18,107.86,-177.03,50
MOVE_WITH_HEADING,54.15,107.8,-177.03,50
MOVE_WITH_HEADING,53.13,107.75,-177.03,50
MOVE_WITH_HEADING,52.11,107.7,-177.03,50
MOVE_WITH_HEADING,51.08,107.64,-177.03,50
MOVE_WITH_HEADING,50.06,107.59,-177.03,50
MOVE_WITH_HEADING,49.03,107.54,-177.03,50
MOVE_WITH_HEADING,48.01,107.48,-177.03,50
MOVE_WITH_HEADING,46.98,107.43,-177.03,50
MOVE_WITH_HEADING,45.96,107.38,-177.03,50
MOVE_WITH_HEADING,44.94,107.32,-177.03,50
MOVE_WITH_HEADING,43.91,107.27,-177.03,50
MOVE_WITH_HEADING,42.89,107.22,-177.03,50
MOVE_WITH_HEADING,41.86,107.16,-177.03,50
MOVE_WITH_HEADING,40.84,107.11,-177.03,50
MOVE_WITH_HEADING,39.82,107.06,-177.03,50
MOVE_WITH_HEADING,38.79,107.0,-177.03,50
MOVE_WITH_HEADING,37.77,106.95,-177.03,50
MOVE_WITH_HEADING,36.74,106.9,-177.03,50
MOVE_WITH_HEADING,35.72,106.84,-177.03,50
MOVE_WITH_HEADING,34.69,106.79,-177.03,50
NONE,34.69,106.79,-109.27,0
MOVE_WITH_HEADING,34.36,105.84,-109.27,50
MOVE_WITH_HEADING,34.03,104.88,-109.27,50
MOVE_WITH_HEADING,33.69,103.93,-109.27,50
MOVE_WITH_HEADING,33.36,102.97,-109.27,50
MOVE_WITH_HEADING,33.03,102.02,-109.27,50
MOVE_WITH_HEADING,32.69,101.06,-109.27,50
MOVE_WITH_HEADING,32.36,100.11,-109.27,50
MOVE_WITH_HEADING,32.02,99.15,-109.27,50
MOVE_WITH_HEADING,31.69,98.2,-109.27,50
MOVE_WITH_HEADING,31.36,97.24,-109.27,50
MOVE_WITH_HEADING,31.02,96.29,-109.27,50
MOVE_WITH_HEADING,30.69,95.33,-109.27,50
MOVE_WITH_HEADING,30.35,94.38,-109.27,50
MOVE_WITH_HEADING,30.02,93.42,-109.27,50
MOVE_WITH_HEADING,29.69,92.47,-109.27,50
MOVE_WITH_HEADING,29.35,91.51,-109.27,50
MOVE_WITH_HEADING,29.02,90.56,-109.27,50
MOVE_WITH_HEADING,28.68,89.6,-109.27,50
MOVE_WITH_HEADING,28.35,88.65,-109.27,50
MOVE_WITH_HEADING,28.02,87.69,-109.27,50
MOVE_WITH_HEADING,27.68,86.74,-109.27,50
MOVE_WITH_HEADING,27.35,85.78,-109.27,50
MOVE_WITH_HEADING,27.01,84.83,-109.27,50
MOVE_WITH_HEADING,26.68,83.87,-109.27,50
MOVE_WITH_HEADING,26.35,82.92,-109.27,50
MOVE_WITH_HEADING,26.01,81.96,-109.27,50
MOVE_WITH_HEADING,25.68,81.01,-109.27,50
MOVE_WITH_HEADING,25.34,80.05,-109.27,50
MOVE_WITH_HEADING,25.01,79.1,-109.27,50
MOVE_WITH_HEADING,24.68,78.14,-109.27,50
MOVE_WITH_HEADING,24.34,77.19,-109.27,50
MOVE_WITH_HEADING,24.01,76.23,-109.27,50
MOVE_WITH_HEADING,23.67,75.28,-109.27,50
MOVE_WITH_HEADING,23.34,74.32,-109.27,50
MOVE_WITH_HEADING,23.01,73.37,-109.27,50
MOVE_WITH_HEADING,22.67,72.41,-109.27,50
MOVE_WITH_HEADING,22.34,71.46,-109.27,50
MOVE_WITH_HEADING,22.01,70.5,-109.27,50
MOVE_WITH_HEADING,21.67,69.55,-109.27,50
MOVE_WITH_HEADING,21.34,68.59,-109.27,50
MOVE_WITH_HEADING,21.0,67.64,-109.27,50
MOVE_WITH_HEADING,20.67,66.68,-109.27,50
MOVE_WITH_HEADING,20.34,65.73,-109.27,50
MOVE_WITH_HEADING,20.0,64.77,-109.27,50
MOVE_WITH_HEADING,19.67,63.82,-109.27,50
MOVE_WITH_HEADING,19.33,62.86,-109.27,50
MOVE_WITH_HEADING,19.0,61.91,-109.27,50
MOVE_WITH_HEADING,18.67,60.95,-109.27,50
MOVE_WITH_HEADING,18.33,60.0,-109.27,50
MOVE_WITH_HEADING,18.0,59.04,-109.27,50
MOVE_WITH_HEADING,17.66,58.09,-109.27,50
MOVE_WITH_HEADING,17.33,57.13,-109.27,50
MOVE_WITH_HEADING,17.0,56.18,-109.27,50
MOVE_WITH_HEADING,16.66,55.22,-109.27,50
MOVE_WITH_HEADING,16.33,54.27,-109.27,50
MOVE_WITH_HEADING,15.99,53.31,-109.27,50
MOVE_WITH_HEADING,15.66,52.36,-109.27,50
MOVE_WITH_HEADING,15.33,51.4,-109.27,50
MOVE_WITH_HEADING,14.99,50.45,-109.27,50
MOVE_WITH_HEADING,14.66,49.49,-109.27,50
MOVE_WITH_HEADING,14.32,48.54,-109.27,50
MOVE_WITH_HEADING,13.99,47.58,-109.27,50
MOVE_WITH_HEADING,13.66,46.63,-109.27,50
MOVE_WITH_HEADING,13.32,45.67,-109.27,50
MOVE_WITH_HEADING,12.99,44.72,-109.27,50
MOVE_WITH_HEADING,12.65,43.76,-109.27,50
MOVE_WITH_HEADING,12.32,42.81,-109.27,50
MOVE_WITH_HEADING,11.99,41.85,-109.27,50
MOVE_WITH_HEADING,11.65,40.9,-109.27,50
MOVE_WITH_HEADING,11.32,39.94,-109.27,50
MOVE_WITH_HEADING,10.98,38.99,-109.27,50
MOVE_WITH_HEADING,10.65,38.03,-109.27,50
MOVE_WITH_HEADING,10.32,37.08,-109.27,50
MOVE_WITH_HEADING,9.98,36.12,-109.27,50
MOVE_WITH_HEADING,9.65,35.17,-109.27,50
MOVE_WITH_HEADING,9.32,34.21,-109.27,50
MOVE_WITH_HEADING,8.98,33.26,-109.27,50
MOVE_WITH_HEADING,8.65,32.3,-109.27,50
MOVE_WITH_HEADING,8.31,31.35,-109.27,50
MOVE_WITH_HEADING,7.98,30.39,-109.27,50
MOVE_WITH_HEADING,7.65,29.44,-109.27,50
MOVE_WITH_HEADING,7.31,28.48,-109.27,50
MOVE_WITH_HEADING,6.98,27.53,-109.27,50
MOVE_WITH_HEADING,6.64,26.57,-109.27,50
NONE,6.64,26.57,-8.94,0
MOVE_WITH_HEADING,7.63,26.42,-8.94,50
MOVE_WITH_HEADING,8.62,26.26,-8.94,50
MOVE_WITH_HEADING,9.62,26.11,-8.94,50
MOVE_WITH_HEADING,10.61,25.95,-8.94,50
MOVE_WITH_HEADING,11.6,25.8,-8.94,50
MOVE_WITH_HEADING,12.59,25.64,-8.94,50
MOVE_WITH_HEADING,13.58,25.48,-8.94,50
MOVE_WITH_HEADING,14.57,25.33,-8.94,50
MOVE_WITH_HEADING,15.56,25.17,-8.94,50
MOVE_WITH_HEADING,16.55,25.02,-8.94,50
MOVE_WITH_HEADING,17.54,24.86,-8.94,50
MOVE_WITH_HEADING,18.53,24.71,-8.94,50
MOVE_WITH_HEADING,19.52,24.55,-8.94,50
MOVE_WITH_HEADING,20.51,24.39,-8.94,50
MOVE_WITH_HEADING,21.5,24.24,-8.94,50
MOVE_WITH_HEADING,22.49,24.08,-8.94,50
MOVE_WITH_HEADING,23.48,23.93,-8.94,50
MOVE_WITH_HEADING,24.47,23.77,-8.94,50
MOVE_WITH_HEADING,25.46,23.62,-8.94,50
MOVE_WITH_HEADING,26.45,23.46,-8.94,50
MOVE_WITH_HEADING,27.44,23.3,-8.94,50
MOVE_WITH_HEADING,28.43,23.15,-8.94,50
MOVE_WITH_HEADING,29.42,22.99,-8.94,50
MOVE_WITH_HEADING,30.42,22.84,-8.94,50
MOVE_WITH_HEADING,31.41,22.68,-8.94,50
MOVE_WITH_HEADING,32.4,22.53,-8.94,50
MOVE_WITH_HEADING,33.39,22.37,-8.94,50
MOVE_WITH_HEADING,34.38,22.21,-8.94,50
MOVE_WITH_HEADING,35.37,22.06,-8.94,50
MOVE_WITH_HEADING,36.36,21.9,-8.94,50
MOVE_WITH_HEADING,37.35,21.75,-8.94,50
MOVE_WITH_HEADING,38.34,21.59,-8.94,50
MOVE_WITH_HEADING,39.33,21.44,-8.94,50
MOVE_WITH_HEADING,40.32,21.28,-8.94,50
MOVE_WITH_HEADING,41.31,21.12,-8.94,50
MOVE_WITH_HEADING,42.3,20.97,-8.94,50
MOVE_WITH_HEADING,43.29,20.81,-8.94,50
MOVE_WITH_HEADING,44.28,20.66,-8.94,50
MOVE_WITH_HEADING,45.27,20.5,-8.94,50
MOVE_WITH_HEADING,46.26,20.35,-8.94,50
MOVE_WITH_HEADING,47.25,20.19,-8.94,50
MOVE_WITH_HEADING,48.24,20.03,-8.94,50
MOVE_WITH_HEADING,49.23,19.88,-8.94,50
MOVE_WITH_HEADING,50.22,19.72,-8.94,50
MOVE_WITH_HEADING,51.22,19.57,-8.94,50
MOVE_WITH_HEADING,52.21,19.41,-8.94,50
MOVE_WITH_HEADING,53.2,19.26,-8.94,50
MOVE_WITH_HEADING,54.19,19.1,-8.94,50
MOVE_WITH_HEADING,55.18,18.94,-8.94,50
MOVE_WITH_HEADING,56.17,18.79,-8.94,50
MOVE_WITH_HEADING,57.16,18.63,-8.94,50
MOVE_WITH_HEADING,58.15,18.48,-8.94,50
MOVE_WITH_HEADING,59.14,18.32,-8.94,50
MOVE_WITH_HEADING,60.13,18.17,-8.94,50
MOVE_WITH_HEADING,61.12,18.01,-8.94,50
MOVE_WITH_HEADING,62.11,17.85,-8.94,50
MOVE_WITH_HEADING,63.1,17.7,-8.94,50
MOVE_WITH_HEADING,64.09,17.54,-8.94,50
MOVE_WITH_HEADING,65.08,17.39,-8.94,50
MOVE_WITH_HEADING,66.07,17.23,-8.94,50
MOVE_WITH_HEADING,67.06,17.07,-8.94,50
MOVE_WITH_HEADING,68.05,16.92,-8.94,50
MOVE_WITH_HEADING,69.04,16.76,-8.94,50
MOVE_WITH_HEADING,70.03,16.61,-8.94,50
MOVE_WITH_HEADING,71.02,16.45,-8.94,50
MOVE_WITH_HEADING,72.02,16.3,-8.94,50
MOVE_WITH_HEADING,73.01,16.14,-8.94,50
MOVE_WITH_HEADING,74.0,15.98,-8.94,50
MOVE_WITH_HEADING,74.99,15.83,-8.94,50
MOVE_WITH_HEADING,75.98,15.67,-8.94,50
MOVE_WITH_HEADING,76.97,15.52,-8.94,50
MOVE_WITH_HEADING,77.96,15.36,-8.94,50
MOVE_WITH_HEADING,78.95,15.21,-8.94,50
MOVE_WITH_HEADING,79.94,15.05,-8.94,50
MOVE_WITH_HEADING,80.93,14.89,-8.94,50
MOVE_WITH_HEADING,81.92,14.74,-8.94,50
MOVE_WITH_HEADING,82.91,14.58,-8.94,50
MOVE_WITH_HEADING,83.9,14.43,-8.94,50
MOVE_WITH_HEADING,84.89,14.27,-8.94,50
NONE,84.89,14.27,31.39,0
MOVE_WITH_HEADING,85.75,14.79,31.39,50
MOVE_WITH_HEADING,86.6,15.31,31.39,50
MOVE_WITH_HEADING,87.45,15.83,31.39,50
MOVE_WITH_HEADING,88.31,16.36,31.39,50
MOVE_WITH_HEADING,89.16,16.88,31.39,50
MOVE_WITH_HEADING,90.02,17.4,31.39,50
MOVE_WITH_HEADING,90.87,17.92,31.39,50
MOVE_WITH_HEADING,91.72,18.44,31.39,50
MOVE_WITH_HEADING,92.58,18.96,31.39,50
MOVE_WITH_HEADING,93.43,19.48,31.39,50
MOVE_WITH_HEADING,94.29,20.0,31.39,50
MOVE_WITH_HEADING,95.14,20.52,31.39,50
MOVE_WITH_HEADING,95.99,21.05,31.39,50
MOVE_WITH_HEADING,96.85,21.57,31.39,50
MOVE_WITH_HEADING,97.7,22.09,31.39,50
MOVE_WITH_HEADING,98.56,22.61,31.39,50
MOVE_WITH_HEADING,99.41,23.13,31.39,50
MOVE_WITH_HEADING,100.26,23.65,31.39,50
MOVE_WITH_HEADING,101.12,24.17,31.39,50
MOVE_WITH_HEADING,101.97,24.69,31.39,50
MOVE_WITH_HEADING,102.83,25.21,31.39,50
MOVE_WITH_HEADING,103.68,25.74,31.39,50
MOVE_WITH_HEADING,104.53,26.26,31.39,50
MOVE_WITH_HEADING,105.39,26.78,31.39,50
MOVE_WITH_HEADING,106.24,27.3,31.39,50
MOVE_WITH_HEADING,107.1,27.82,31.39,50
MOVE_WITH_HEADING,107.95,28.34,31.39,50
MOVE_WITH_HEADING,108.8,28.86,31.39,50
MOVE_WITH_HEADING,109.66,29.38,31.39,50
MOVE_WITH_HEADING,110.51,29.9,31.39,50
MOVE_WITH_HEADING,111.36,30.42,31.39,50
MOVE_WITH_HEADING,112.22,30.95,31.39,50
MOVE_WITH_HEADING,113.07,31.47,31.39,50
MOVE_WITH_HEADING,113.93,31.99,31.39,50
NONE,113.93,31.99,79.45,0
MOVE_WITH_HEADING,114.11,32.97,79.45,50
MOVE_WITH_HEADING,114.29,33.96,79.45,50
MOVE_WITH_HEADING,114.48,34.94,79.45,50
MOVE_WITH_HEADING,114.66,35.93,79.45,50
MOVE_WITH_HEADING,114.84,36.91,79.45,50
MOVE_WITH_HEADING,115.03,37.89,79.45,50
MOVE_WITH_HEADING,115.21,38.88,79.45,50
MOVE_WITH_HEADING,115.39,39.86,79.45,50
MOVE_WITH_HEADING,115.58,40.85,79.45,50
MOVE_WITH_HEADING,115.76,41.83,79.45,50
MOVE_WITH_HEADING,115.94,42.81,79.45,50
MOVE_WITH_HEADING,116.13,43.8,79.45,50
MOVE_WITH_HEADING,116.31,44.78,79.45,50
MOVE_WITH_HEADING,116.49,45.77,79.45,50
MOVE_WITH_HEADING,116.68,46.75,79.45,50
MOVE_WITH_HEADING,116.86,47.74,79.45,50
MOVE_WITH_HEADING,117.04,48.72,79.45,50
MOVE_WITH_HEADING,117.23,49.7,79.45,50
MOVE_WITH_HEADING,117.41,50.69,79.45,50
MOVE_WITH_HEADING,117.59,51.67,79.45,50
MOVE_WITH_HEADING,117.78,52.66,79.45,50
MOVE_WITH_HEADING,117.96,53.64,79.45,50
MOVE_WITH_HEADING,118.14,54.63,79.45,50
MOVE_WITH_HEADING,118.33,55.61,79.45,50
MOVE_WITH_HEADING,118.51,56.59,79.45,50
MOVE_WITH_HEADING,118.69,57.58,79.45,50
MOVE_WITH_HEADING,118.88,58.56,79.45,50
MOVE_WITH_HEADING,119.06,59.55,79.45,50
MOVE_WITH_HEADING,119.24,60.53,79.45,50
MOVE_WITH_HEADING,119.43,61.52,79.45,50
MOVE_WITH_HEADING,119.61,62.5,79.45,50
MOVE_WITH_HEADING,119.79,63.48,79.45,50
MOVE_WITH_HEADING,119.98,64.47,79.45,50
MOVE_WITH_HEADING,120.16,65.45,79.45,50
MOVE_WITH_HEADING,120.34,66.44,79.45,50
MOVE_WITH_HEADING,120.53,67.42,79.45,50
MOVE_WITH_HEADING,120.71,68.41,79.45,50
MOVE_WITH_HEADING,120.89,69.39,79.45,50
MOVE_WITH_HEADING,121.08,70.37,79.45,50
MOVE_WITH_HEADING,121.26,71.36,79.45,50
MOVE_WITH_HEADING,121.44,72.34,79.45,50
MOVE_WITH_HEADING,121.63,73.33,79.45,50
MOVE_WITH_HEADING,121.81,74.31,79.45,50
MOVE_WITH_HEADING,121.99,75.3,79.45,50
MOVE_WITH_HEADING,122.18,76.28,79.45,50
MOVE_WITH_HEADING,122.36,77.26,79.45,50
MOVE_WITH_HEADING,122.54,78.25,79.45,50
MOVE_WITH_HEADING,122.73,79.23,79.45,50
MOVE_WITH_HEADING,122.91,80.22,79.45,50
MOVE_WITH_HEADING,123.09,81.2,79.45,50
MOVE_WITH_HEADING,123.28,82.18,79.45,50
NONE,123.28,82.18,107.5,0
MOVE_WITH_HEADING,122.97,83.17,107.5,50
MOVE_WITH_HEADING,122.66,84.15,107.5,50
MOVE_WITH_HEADING,122.35,85.14,107.5,50
MOVE_WITH_HEADING,122.04,86.12,107.5,50
MOVE_WITH_HEADING,121.73,87.11,107.5,50
MOVE_WITH_HEADING,121.42,88.09,107.5,50
MOVE_WITH_HEADING,121.11,89.07,107.5,50
MOVE_WITH_HEADING,120.8,90.06,107.5,50
MOVE_WITH_HEADING,120.49,91.04,107.5,50
MOVE_WITH_HEADING,120.17,92.03,107.5,50
MOVE_WITH_HEADING,119.86,93.01,107.5,50
MOVE_WITH_HEADING,119.55,94.0,107.5,50
MOVE_WITH_HEADING,119.24,94.98,107.5,50
MOVE_WITH_HEADING,118.93,95.96,107.5,50
MOVE_WITH_HEADING,118.62,96.95,107.5,50
MOVE_WITH_HEADING,118.31,97.93,107.5,50
MOVE_WITH_HEADING,118.0,98.92,107.5,50
MOVE_WITH_HEADING,117.69,99.9,107.5,50
MOVE_WITH_HEADING,117.38,100.89,107.5,50
MOVE_WITH_HEADING,117.07,101.87,107.5,50
MOVE_WITH_HEADING,116.76,102.85,107.5,50
MOVE_WITH_HEADING,116.45,103.84,107.5,50
MOVE_WITH_HEADING,116.14,104.82,107.5,50
NONE,116.14,104.82,-159.46,0
MOVE_WITH_HEADING,115.2,104.47,-159.46,50
MOVE_WITH_HEADING,114.26,104.12,-159.46,50
MOVE_WITH_HEADING,113.32,103.76,-159.46,50
MOVE_WITH_HEADING,112.38,103.41,-159.46,50
MOVE_WITH_HEADING,111.44,103.06,-159.46,50
MOVE_WITH_HEADING,110.49,102.71,-159.46,50
MOVE_WITH_HEADING,109.55,102.35,-159.46,50
MOVE_WITH_HEADING,108.61,102.0,-159.46,50
MOVE_WITH_HEADING,107.67,101.65,-159.46,50
MOVE_WITH_HEADING,106.73,101.3,-159.46,50
MOVE_WITH_HEADING,105.79,100.94,-159.46,50
MOVE_WITH_HEADING,104.85,100.59,-159.46,50
MOVE_WITH_HEADING,103.91,100.24,-159.46,50
MOVE_WITH_HEADING,102.97,99.89,-159.46,50
MOVE_WITH_HEADING,102.02,99.53,-159.46,50
MOVE_WITH_HEADING,101.08,99.18,-159.46,50
MOVE_WITH_HEADING,100.14,98.83,-159.46,50
MOVE_WITH_HEADING,99.2,98.48,-159.46,50
MOVE_WITH_HEADING,98.26,98.12,-159.46,50
MOVE_WITH_HEADING,97.32,97.77,-159.46,50
MOVE_WITH_HEADING,96.38,97.42,-159.46,50
MOVE_WITH_HEADING,95.44,97.07,-159.46,50
MOVE_WITH_HEADING,94.5,96.71,-159.46,50
MOVE_WITH_HEADING,93.55,96.36,-159.46,50
MOVE_WITH_HEADING,92.61,96.01,-159.46,50
MOVE_WITH_HEADING,91.67,95.65,-159.46,50
MOVE_WITH_HEADING,90.73,95.3,-159.46,50
MOVE_WITH_HEADING,89.79,94.95,-159.46,50
MOVE_WITH_HEADING,88.85,94.6,-159.46,50
MOVE_WITH_HEADING,87.91,94.24,-159.46,50
MOVE_WITH_HEADING,86.97,93.89,-159.46,50
MOVE_WITH_HEADING,86.03,93.54,-159.46,50
MOVE_WITH_HEADING,85.08,93.19,-159.46,50
MOVE_WITH_HEADING,84.14,92.83,-159.46,50
MOVE_WITH_HEADING,83.2,92.48,-159.46,50
MOVE_WITH_HEADING,82.26,92.13,-159.46,50
MOVE_WITH_HEADING,81.32,91.78,-159.46,50
MOVE_WITH_HEADING,80.38,91.42,-159.46,50
MOVE_WITH_HEADING,79.44,91.07,-159.46,50
MOVE_WITH_HEADING,78.5,90.72,-159.46,50
MOVE_WITH_HEADING,77.56,90.37,-159.46,50
MOVE_WITH_HEADING,76.61,90.01,-159.46,50
MOVE_WITH_HEADING,75.67,89.66,-159.46,50
MOVE_WITH_HEADING,74.73,89.31,-159.46,50
MOVE_WITH_HEADING,73.79,88.96,-159.46,50
MOVE_WITH_HEADING,72.85,88.6,-159.46,50
MOVE_WITH_HEADING,71.91,88.25,-159.46,50
MOVE_WITH_HEADING,70.97,87.9,-159.46,50
MOVE_WITH_HEADING,70.03,87.54,-159.46,50
MOVE_WITH_HEADING,69.09,87.19,-159.46,50
MOVE_WITH_HEADING,68.14,86.84,-159.46,50
MOVE_WITH_HEADING,67.2,86.49,-159.46,50
MOVE_WITH_HEADING,66.26,86.13,-159.46,50
MOVE_WITH_HEADING,65.32,85.78,-159.46,50
MOVE_WITH_HEADING,64.38,85.43,-159.46,50
MOVE_WITH_HEADING,63.44,85.08,-159.46,50
MOVE_WITH_HEADING,62.5,84.72,-159.46,50
MOVE_WITH_HEADING,61.56,84.37,-159.46,50
MOVE_WITH_HEADING,60.62,84.02,-159.46,50
MOVE_WITH_HEADING,59.67,83.67,-159.46,50
MOVE_WITH_HEADING,58.73,83.31,-159.46,50
MOVE_WITH_HEADING,57.79,82.96,-159.46,50
MOVE_WITH_HEADING,56.85,82.61,-159.46,50
MOVE_WITH_HEADING,55.91,82.26,-159.46,50
MOVE_WITH_HEADING,54.97,81.9,-159.46,50
MOVE_WITH_HEADING,54.03,81.55,-159.46,50
MOVE_WITH_HEADING,53.09,81.2,-159.46,50
MOVE_WITH_HEADING,52.14,80.85,-159.46,50
MOVE_WITH_HEADING,51.2,80.49,-159.46,50
MOVE_WITH_HEADING,50.26,80.14,-159.46,50
MOVE_WITH_HEADING,49.32,79.79,-159.46,50
MOVE_WITH_HEADING,48.38,79.44,-159.46,50
MOVE_WITH_HEADING,47.44,79.08,-159.46,50
MOVE_WITH_HEADING,46.5,78.73,-159.46,50
MOVE_WITH_HEADING,45.56,78.38,-159.46,50
MOVE_WITH_HEADING,44.62,78.02,-159.46,50
MOVE_WITH_HEADING,43.67,77.67,-159.46,50
MOVE_WITH_HEADING,42.73,77.32,-159.46,50
MOVE_WITH_HEADING,41.79,76.97,-159.46,50
MOVE_WITH_HEADING,40.85,76.61,-159.46,50
MOVE_WITH_HEADING,39.91,76.26,-159.46,50
MOVE_WITH_HEADING,38.97,75.91,-159.46,50
MOVE_WITH_HEADING,38.03,75.56,-159.46,50
MOVE_WITH_HEADING,37.09,75.2,-159.46,50
MOVE_WITH_HEADING,36.15,74.85,-159.46,50
MOVE_WITH_HEADING,35.2,74.5,-159.46,50
MOVE_WITH_HEADING,34.26,74.15,-159.46,50
MOVE_WITH_HEADING,33.32,73.79,-159.46,50
MOVE_WITH_HEADING,32.38,73.44,-159.46,50
MOVE_WITH_HEADING,31.44,73.09,-159.46,50
MOVE_WITH_HEADING,30.5,72.74,-159.46,50
MOVE_WITH_HEADING,29.56,72.38,-159.46,50
MOVE_WITH_HEADING,28.62,72.03,-159.46,50
MOVE_WITH_HEADING,27.68,71.68,-159.46,50
MOVE_WITH_HEADING,26.73,71.33,-159.46,50
MOVE_WITH_HEADING,25.79,70.97,-159.46,50
MOVE_WITH_HEADING,24.85,70.62,-159.46,50
NONE,24.85,70.62,-56.31,0
MOVE_WITH_HEADING,25.44,69.74,-56.31,50
MOVE_WITH_HEADING,26.02,68.87,-56.31,50
MOVE_WITH_HEADING,26.61,67.99,-56.31,50
MOVE_WITH_HEADING,27.19,67.11,-56.31,50
MOVE_WITH_HEADING,27.77,66.24,-56.31,50
MOVE_WITH_HEADING,28.36,65.36,-56.31,50
MOVE_WITH_HEADING,28.94,64.48,-56.31,50
MOVE_WITH_HEADING,29.53,63.61,-56.31,50
MOVE_WITH_HEADING,30.11,62.73,-56.31,50
MOVE_WITH_HEADING,30.7,61.85,-56.31,50
MOVE_WITH_HEADING,31.28,60.98,-56.31,50
MOVE_WITH_HEADING,31.87,60.1,-56.31,50
MOVE_WITH_HEADING,32.45,59.22,-56.31,50
MOVE_WITH_HEADING,33.03,58.35,-56.31,50
MOVE_WITH_HEADING,33.62,57.47,-56.31,50
MOVE_WITH_HEADING,34.2,56.59,-56.31,50
NONE,34.2,56.59,-122.12,0
MOVE_WITH_HEADING,33.65,55.71,-122.12,50
MOVE_WITH_HEADING,33.1,54.83,-122.12,50
MOVE_WITH_HEADING,32.54,53.95,-122.12,50
MOVE_WITH_HEADING,31.99,53.07,-122.12,50
MOVE_WITH_HEADING,31.43,52.19,-122.12,50
MOVE_WITH_HEADING,30.88,51.3,-122.12,50
MOVE_WITH_HEADING,30.33,50.42,-122.12,50
MOVE_WITH_HEADING,29.77,49.54,-122.12,50
MOVE_WITH_HEADING,29.22,48.66,-122.12,50
MOVE_WITH_HEADING,28.67,47.78,-122.12,50
MOVE_WITH_HEADING,28.11,46.9,-122.12,50
MOVE_WITH_HEADING,27.56,46.01,-122.12,50
NONE,27.56,46.01,-28.39,0
MOVE_WITH_HEADING,28.47,45.52,-28.39,50
MOVE_WITH_HEADING,29.38,45.03,-28.39,50
MOVE_WITH_HEADING,30.29,44.54,-28.39,50
MOVE_WITH_HEADING,31.2,44.05,-28.39,50
MOVE_WITH_HEADING,32.11,43.55,-28.39,50
MOVE_WITH_HEADING,33.02,43.06,-28.39,50
MOVE_WITH_HEADING,33.93,42.57,-28.39,50
MOVE_WITH_HEADING,34.84,42.08,-28.39,50
MOVE_WITH_HEADING,35.75,41.58,-28.39,50
MOVE_WITH_HEADING,36.66,41.09,-28.39,50
MOVE_WITH_HEADING,37.57,40.6,-28.39,50
MOVE_WITH_HEADING,38.48,40.11,-28.39,50
MOVE_WITH_HEADING,39.39,39.62,-28.39,50
MOVE_WITH_HEADING,40.31,39.12,-28.39,50
MOVE_WITH_HEADING,41.22,38.63,-28.39,50
MOVE_WITH_HEADING,42.13,38.14,-28.39,50
MOVE_WITH_HEADING,43.04,37.65,-28.39,50
MOVE_WITH_HEADING,43.95,37.16,-28.39,50
MOVE_WITH_HEADING,44.86,36.66,-28.39,50
MOVE_WITH_HEADING,45.77,36.17,-28.39,50
NONE,45.77,36.17,47.61,0
MOVE_WITH_HEADING,46.46,36.93,47.61,50
MOVE_WITH_HEADING,47.15,37.68,47.61,50
MOVE_WITH_HEADING,47.84,38.44,47.61,50
MOVE_WITH_HEADING,48.53,39.2,47.61,50
MOVE_WITH_HEADING,49.22,39.95,47.61,50
MOVE_WITH_HEADING,49.91,40.71,47.61,50
MOVE_WITH_HEADING,50.6,41.46,47.61,50
MOVE_WITH_HEADING,51.29,42.22,47.61,50
MOVE_WITH_HEADING,51.98,42.98,47.61,50
MOVE_WITH_HEADING,52.67,43.73,47.61,50
MOVE_WITH_HEADING,53.36,44.49,47.61,50
MOVE_WITH_HEADING,54.05,45.25,47.61,50
MOVE_WITH_HEADING,54.74,46.0,47.61,50
MOVE_WITH_HEADING,55.43,46.76,47.61,50
MOVE_WITH_HEADING,56.12,47.51,47.61,50
MOVE_WITH_HEADING,56.81,48.27,47.61,50
MOVE_WITH_HEADING,57.5,49.03,47.61,50
MOVE_WITH_HEADING,58.19,49.78,47.61,50
MOVE_WITH_HEADING,58.88,50.54,47.61,50
MOVE_WITH_HEADING,59.57,51.3,47.61,50
MOVE_WITH_HEADING,60.26,52.05,47.61,50
MOVE_WITH_HEADING,60.95,52.81,47.61,50
MOVE_WITH_HEADING,61.64,53.56,47.61,50
MOVE_WITH_HEADING,62.33,54.32,47.61,50
MOVE_WITH_HEADING,63.02,55.08,47.61,50
MOVE_WITH_HEADING,63.71,55.83,47.61,50
MOVE_WITH_HEADING,64.4,56.59,47.61,50
MOVE_WITH_HEADING,65.09,57.34,47.61,50
MOVE_WITH_HEADING,65.78,58.1,47.61,50
MOVE_WITH_HEADING,66.47,58.86,47.61,50
MOVE_WITH_HEADING,67.16,59.61,47.61,50
MOVE_WITH_HEADING,67.85,60.37,47.61,50
MOVE_WITH_HEADING,68.54,61.13,47.61,50
MOVE_WITH_HEADING,69.23,61.88,47.61,50
MOVE_WITH_HEADING,69.92,62.64,47.61,50
MOVE_WITH_HEADING,70.61,63.39,47.61,50
MOVE_WITH_HEADING,71.3,64.15,47.61,50
MOVE_WITH_HEADING,71.99,64.91,47.61,50
MOVE_WITH_HEADING,72.68,65.66,47.61,50
MOVE_WITH_HEADING,73.37,66.42,47.61,50
MOVE_WITH_HEADING,74.06,67.18,47.61,50
NONE,74.06,67.18,42.32,0
MOVE_WITH_HEADING,74.81,67.86,42.32,50
MOVE_WITH_HEADING,75.56,68.54,42.32,50
MOVE_WITH_HEADING,76.31,69.22,42.32,50
MOVE_WITH_HEADING,77.06,69.9,42.32,50
MOVE_WITH_HEADING,77.81,70.59,42.32,50
MOVE_WITH_HEADING,78.56,71.27,42.32,50
MOVE_WITH_HEADING,79.31,71.95,42.32,50
MOVE_WITH_HEADING,80.06,72.63,42.32,50
MOVE_WITH_HEADING,80.81,73.32,42.32,50
MOVE_WITH_HEADING,81.56,74.0,42.32,50
MOVE_WITH_HEADING,82.31,74.68,42.32,50
MOVE_WITH_HEADING,83.06,75.36,42.32,50
MOVE_WITH_HEADING,83.81,76.04,42.32,50
MOVE_WITH_HEADING,84.56,76.73,42.32,50
MOVE_WITH_HEADING,85.31,77.41,42.32,50
MOVE_WITH_HEADING,86.05,78.09,42.32,50
MOVE_WITH_HEADING,86.8,78.77,42.32,50
MOVE_WITH_HEADING,87.55,79.46,42.32,50
MOVE_WITH_HEADING,88.3,80.14,42.32,50
MOVE_WITH_HEADING,89.05,80.82,42.32,50
MOVE_WITH_HEADING,89.8,81.5,42.32,50
MOVE_WITH_HEADING,90.55,82.18,42.32,50
NONE,90.55,82.18,38.78,0
MOVE_WITH_HEADING,91.34,82.82,38.78,50
MOVE_WITH_HEADING,92.13,83.45,38.78,50
MOVE_WITH_HEADING,92.91,84.08,38.78,50
MOVE_WITH_HEADING,93.7,84.72,38.78,50
MOVE_WITH_HEADING,94.49,85.35,38.78,50
MOVE_WITH_HEADING,95.28,85.98,38.78,50
MOVE_WITH_HEADING,96.06,86.61,38.78,50
MOVE_WITH_HEADING,96.85,87.25,38.78,50
MOVE_WITH_HEADING,97.64,87.88,38.78,50
MOVE_WITH_HEADING,98.42,88.51,38.78,50
MOVE_WITH_HEADING,99.21,89.14,38.78,50
MOVE_WITH_HEADING,100.0,89.78,38.78,50
MOVE_WITH_HEADING,100.79,90.41,38.78,50
MOVE_WITH_HEADING,101.57,91.04,38.78,50
MOVE_WITH_HEADING,102.36,91.68,38.78,50
MOVE_WITH_HEADING,103.15,92.31,38.78,50
MOVE_WITH_HEADING,103.94,92.94,38.78,50
MOVE_WITH_HEADING,104.72,93.57,38.78,50
MOVE_WITH_HEADING,105.51,94.21,38.78,50
MOVE_WITH_HEADING,106.3,94.84,38.78,50
MOVE_WITH_HEADING,107.09,95.47,38.78,50
MOVE_WITH_HEADING,107.87,96.1,38.78,50
MOVE_WITH_HEADING,108.66,96.74,38.78,50
MOVE_WITH_HEADING,109.45,97.37,38.78,50
MOVE_WITH_HEADING,110.24,98.0,38.78,50
MOVE_WITH_HEADING,111.02,98.64,38.78,50
MOVE_WITH_HEADING,111.81,99.27,38.78,50
MOVE_WITH_HEADING,112.6,99.9,38.78,50
MOVE_WITH_HEADING,113.39,100.53,38.78,50
MOVE_WITH_HEADING,114.17,101.17,38.78,50
MOVE_WITH_HEADING,114.96,101.8,38.78,50
MOVE_WITH_HEADING,115.75,102.43,38.78,50
MOVE_WITH_HEADING,116.54,103.07,38.78,50
MOVE_WITH_HEADING,117.32,103.7,38.78,50
MOVE_WITH_HEADING,118.11,104.33,38.78,50
NONE,118.11,104.33,172.77,0
MOVE_WITH_HEADING,117.12,104.46,172.77,50
MOVE_WITH_HEADING,116.12,104.58,172.77,50
MOVE_WITH_HEADING,115.13,104.71,172.77,50
MOVE_WITH_HEADING,114.13,104.84,172.77,50
MOVE_WITH_HEADING,113.14,104.96,172.77,50
MOVE_WITH_HEADING,112.14,105.09,172.77,50
MOVE_WITH_HEADING,111.15,105.21,172.77,50
MOVE_WITH_HEADING,110.15,105.34,172.77,50
MOVE_WITH_HEADING,109.16,105.47,172.77,50
MOVE_WITH_HEADING,108.16,105.59,172.77,50
MOVE_WITH_HEADING,107.17,105.72,172.77,50
MOVE_WITH_HEADING,106.17,105.85,172.77,50
MOVE_WITH_HEADING,105.18,105.97,172.77,50
MOVE_WITH_HEADING,104.18,106.1,172.77,50
MOVE_WITH_HEADING,103.19,106.22,172.77,50
MOVE_WITH_HEADING,102.19,106.35,172.77,50
MOVE_WITH_HEADING,101.2,106.48,172.77,50
MOVE_WITH_HEADING,100.2,106.6,172.77,50
MOVE_WITH_HEADING,99.21,106.73,172.77,50
MOVE_WITH_HEADING,98.21,106.86,172.77,50
MOVE_WITH_HEADING,97.22,106.98,172.77,50
MOVE_WITH_HEADING,96.22,107.11,172.77,50
MOVE_WITH_HEADING,95.23,107.23,172.77,50
MOVE_WITH_HEADING,94.23,107.36,172.77,50
MOVE_WITH_HEADING,93.24,107.49,172.77,50
MOVE_WITH_HEADING,92.24,107.61,172.77,50
MOVE_WITH_HEADING,91.25,107.74,172.77,50
MOVE_WITH_HEADING,90.25,107.87,172.77,50
MOVE_WITH_HEADING,89.26,107.99,172.77,50
MOVE_WITH_HEADING,88.26,108.12,172.77,50
MOVE_WITH_HEADING,87.27,108.24,172.77,50
MOVE_WITH_HEADING,86.27,108.37,172.77,50
MOVE_WITH_HEADING,85.28,108.5,172.77,50
MOVE_WITH_HEADING,84.28,108.62,172.77,50
MOVE_WITH_HEADING,83.29,108.75,172.77,50
MOVE_WITH_HEADING,82.29,108.88,172.77,50
MOVE_WITH_HEADING,81.3,109.0,172.77,50
MOVE_WITH_HEADING,80.3,109.13,172.77,50
MOVE_WITH_HEADING,79.31,109.25,172.77,50
MOVE_WITH_HEADING,78.31,109.38,172.77,50
MOVE_WITH_HEADING,77.32,109.51,172.77,50
MOVE_WITH_HEADING,76.32,109.63,172.77,50
MOVE_WITH_HEADING,75.33,109.76,172.77,50
MOVE_WITH_HEADING,74.33,109.89,172.77,50
MOVE_WITH_HEADING,73.34,110.01,172.77,50
MOVE_WITH_HEADING,72.34,110.14,172.77,50
MOVE_WITH_HEADING,71.35,110.26,172.77,50
MOVE_WITH_HEADING,70.35,110.39,172.77,50
MOVE_WITH_HEADING,69.36,110.52,172.77,50
MOVE_WITH_HEADING,68.36,110.64,172.77,50
MOVE_WITH_HEADING,67.37,110.77,172.77,50
MOVE_WITH_HEADING,66.37,110.9,172.77,50
MOVE_WITH_HEADING,65.38,111.02,172.77,50
MOVE_WITH_HEADING,64.38,111.15,172.77,50
MOVE_WITH_HEADING,63.39,111.27,172.77,50
MOVE_WITH_HEADING,62.39,111.4,172.77,50
MOVE_WITH_HEADING,61.4,111.53,172.77,50
MOVE_WITH_HEADING,60.4,111.65,172.77,50
MOVE_WITH_HEADING,59.41,111.78,172.77,50
MOVE_WITH_HEADING,58.41,111.9,172.77,50
MOVE_WITH_HEADING,57.42,112.03,172.77,50
MOVE_WITH_HEADING,56.42,112.16,172.77,50
MOVE_WITH_HEADING,55.43,112.28,172.77,50
MOVE_WITH_HEADING,54.43,112.41,172.77,50
MOVE_WITH_HEADING,53.44,112.54,172.77,50
MOVE_WITH_HEADING,52.44,112.66,172.77,50
MOVE_WITH_HEADING,51.45,112.79,172.77,50
MOVE_WITH_HEADING,50.45,112.91,172.77,50
MOVE_WITH_HEADING,49.46,113.04,172.77,50
MOVE_WITH_HEADING,48.46,113.17,172.77,50
MOVE_WITH_HEADING,47.47,113.29,172.77,50
MOVE_WITH_HEADING,46.47,113.42,172.77,50
MOVE_WITH_HEADING,45.48,113.55,172.77,50
MOVE_WITH_HEADING,44.48,113.67,172.77,50
MOVE_WITH_HEADING,43.49,113.8,172.77,50
MOVE_WITH_HEADING,42.49,113.92,172.77,50
MOVE_WITH_HEADING,41.5,114.05,172.77,50
MOVE_WITH_HEADING,40.5,114.18,172.77,50
MOVE_WITH_HEADING,39.51,114.3,172.77,50
MOVE_WITH_HEADING,38.51,114.43,172.77,50
MOVE_WITH_HEADING,37.52,114.56,172.77,50
MOVE_WITH_HEADING,36.52,114.68,172.77,50
MOVE_WITH_HEADING,35.53,114.81,172.77,50
MOVE_WITH_HEADING,34.53,114.93,172.77,50
MOVE_WITH_HEADING,33.54,115.06,172.77,50
MOVE_WITH_HEADING,32.54,115.19,172.77,50
MOVE_WITH_HEADING,31.55,115.31,172.77,50
MOVE_WITH_HEADING,30.55,115.44,172.77,50
MOVE_WITH_HEADING,29.56,115.57,172.77,50
MOVE_WITH_HEADING,28.56,115.69,172.77,50
MOVE_WITH_HEADING,27.57,115.82,172.77,50
MOVE_WITH_HEADING,26.57,115.94,172.77,50
MOVE_WITH_HEADING,25.58,116.07,172.77,50
MOVE_WITH_HEADING,24.58,116.2,172.77,50
MOVE_WITH_HEADING,23.59,116.32,172.77,50
MOVE_WITH_HEADING,22.59,116.45,172.77,50
MOVE_WITH_HEADING,21.6,116.58,172.77,50
MOVE_WITH_HEADING,20.61,116.7,172.77,50
MOVE_WITH_HEADING,19.61,116.83,172.77,50
MOVE_WITH_HEADING,18.62,116.95,172.77,50
MOVE_WITH_HEADING,17.62,117.08,172.77,50
MOVE_WITH_HEADING,16.63,117.21,172.77,50
MOVE_WITH_HEADING,15.63,117.33,172.77,50
MOVE_WITH_HEADING,14.64,117.46,172.77,50
MOVE_WITH_HEADING,13.64,117.59,172.77,50
MOVE_WITH_HEADING,12.65,117.71,172.77,50
MOVE_WITH_HEADING,11.65,117.84,172.77,50
MOVE_WITH_HEADING,10.66,117.96,172.77,50
MOVE_WITH_HEADING,9.66,118.09,172.77,50
MOVE_WITH_HEADING,8.67,118.22,172.77,50
MOVE_WITH_HEADING,7.67,118.34,172.77,50
MOVE_WITH_HEADING,6.68,118.47,172.77,50
MOVE_WITH_HEADING,5.68,118.6,172.77,50
MOVE_WITH_HEADING,4.69,118.72,172.77,50
MOVE_WITH_HEADING,3.69,118.85,172.77,50
NONE,3.69,118.85,172.77,0
